DATATIME,WINDSPEED,WINDSPEED2,"ROUND(A.POWER,0)",YD15
2021-11-16 06:00:00,6.9,-6.664917,54883.0,52752.0
2021-11-16 06:15:00,6.9,-6.664917,52631.0,50299.0
2021-11-16 06:30:00,6.8,-6.59804,52916.0,48683.0
2021-11-16 06:45:00,6.7,-6.471731,49421.0,47884.0
2021-11-16 07:00:00,6.6,-6.40398,48896.0,46054.0
2021-11-16 07:15:00,6.6,-6.40398,43451.0,42125.0
2021-11-16 07:30:00,6.6,-6.40398,46580.0,42817.0
2021-11-16 07:45:00,6.6,-6.40398,47406.0,45672.0
2021-11-16 08:00:00,6.6,-6.40398,44520.0,40908.0
2021-11-16 08:15:00,6.6,-6.40398,41190.0,38920.0
2021-11-16 08:30:00,6.6,-6.430842,37620.0,34707.0
2021-11-16 08:45:00,6.7,-6.528279,36551.0,31745.0
2021-11-16 09:00:00,6.6,-6.45579,30304.0,28595.0
2021-11-16 09:15:00,6.6,-6.45579,26051.0,23870.0
2021-11-16 09:30:00,6.5,-6.380595,22379.0,19491.0
2021-11-16 09:45:00,6.5,-6.380595,22555.0,21839.0
2021-11-16 10:00:00,6.4,-6.282432,18509.0,17120.0
2021-11-16 10:15:00,6.2,-6.105822,14727.0,13027.0
2021-11-16 10:30:00,5.8,-5.711898,12248.0,10907.0
2021-11-16 10:45:00,5.3,-5.234757,13287.0,12006.0
2021-11-16 11:00:00,4.9,-4.852323,10797.0,7018.0
2021-11-16 11:15:00,4.7,-4.642143,5000.0,3965.0
2021-11-16 11:30:00,4.6,-4.530126,10253.0,9188.0
2021-11-16 11:45:00,4.5,-4.384665,11315.0,9829.0
2021-11-16 12:00:00,4.4,-4.26932,7780.0,8416.0
2021-11-16 12:15:00,4.4,-4.20772,8239.0,6188.0
2021-11-16 12:30:00,4.3,-4.065736,6352.0,4047.0
2021-11-16 12:45:00,4.2,-3.894156,5390.0,3900.0
2021-11-16 13:00:00,4.2,-3.83691,5805.0,3233.0
2021-11-16 13:15:00,4.0,-3.56404,6501.0,5737.0
2021-11-16 13:30:00,3.9,-3.411018,5361.0,3586.0
2021-11-16 13:45:00,3.8,-3.22259,2872.0,2191.0
2021-11-16 14:00:00,3.7,-3.030855,3185.0,1717.0
2021-11-16 14:15:00,3.4,-2.679234,3294.0,987.0
2021-11-16 14:30:00,3.3,-2.413455,2566.0,1636.0
2021-11-16 14:45:00,3.0,-2.08398,2943.0,1922.0
2021-11-16 15:00:00,2.9,-1.785414,3203.0,2534.0
2021-11-16 15:15:00,2.8,-1.4,1559.0,525.0
2021-11-16 15:30:00,2.7,-1.098198,1149.0,1734.0
2021-11-16 15:45:00,2.7,-0.698814,5040.0,5368.0
2021-11-16 16:00:00,2.7,-0.375759,6490.0,5136.0
2021-11-16 16:15:00,2.8,0.0,9854.0,8980.0
2021-11-16 16:30:00,2.9,0.403593,9887.0,9869.0
2021-11-16 16:45:00,3.1,0.906347,11185.0,10786.0
2021-11-16 17:00:00,3.4,1.382916,10334.0,9827.0
2021-11-16 17:15:00,3.6,1.907712,14390.0,13734.0
2021-11-16 17:30:00,3.9,2.401074,13239.0,11373.0
2021-11-16 17:45:00,4.3,2.877259,7571.0,5713.0
2021-11-16 18:00:00,4.7,3.437345,6652.0,5292.0
2021-11-16 18:15:00,5.0,3.7157,3224.0,1528.0
2021-11-16 18:30:00,5.2,3.80302,1501.0,500.0
2021-11-16 18:45:00,5.4,3.884436,2673.0,3093.0
2021-11-16 19:00:00,5.7,3.959562,6202.0,5531.0
2021-11-16 19:15:00,6.0,3.93636,11516.0,7528.699473
2021-11-16 19:30:00,6.3,3.791466,15798.0,15019.0
2021-11-16 19:45:00,6.6,3.690654,20324.0,19162.0
2021-11-16 20:00:00,7.0,3.60528,18537.0,21408.0
2021-11-16 20:15:00,7.2,3.6,33882.0,32667.0
2021-11-16 20:30:00,7.2,3.708288,32121.0,29593.0
2021-11-16 20:45:00,7.3,3.868416,20744.0,17823.0
2021-11-16 21:00:00,7.3,3.868416,18188.0,16479.0
2021-11-16 21:15:00,7.4,3.811296,16233.0,14320.0
2021-11-16 21:30:00,7.4,3.587594,25274.0,27085.0
2021-11-16 21:45:00,7.5,3.521025,37121.0,34489.0
2021-11-16 22:00:00,7.6,3.331612,35678.0,33158.0
2021-11-16 22:15:00,7.6,3.091224,34046.0,24837.26198
2021-11-16 22:30:00,7.5,2.809575,33536.0,29993.0
2021-11-16 22:45:00,7.5,2.56515,29846.0,28232.0
2021-11-16 23:00:00,7.5,2.31765,27461.0,27717.0
2021-11-16 23:15:00,7.4,2.039736,32255.0,30916.0
2021-11-16 23:30:00,7.5,2.0673,30161.0,26899.0
2021-11-16 23:45:00,7.4,1.790208,25035.0,22955.0
2021-11-17 00:00:00,7.4,2.409218,18484.0,17717.0
2021-11-17 00:15:00,7.2,2.224944,21700.0,19556.0
2021-11-17 00:30:00,7.1,2.075827,19490.0,17416.0
2021-11-17 00:45:00,7.0,2.04659,19434.0,16638.0
2021-11-17 01:00:00,6.9,1.901916,18440.0,17482.0
2021-11-17 01:15:00,6.7,1.734094,14858.0,12805.0
2021-11-17 01:30:00,6.7,1.620864,17018.0,17039.0
2021-11-17 01:45:00,6.7,1.392997,17059.0,10975.95292
2021-11-17 02:00:00,6.7,1.278427,17728.0,16352.0
2021-11-17 02:15:00,6.7,1.163455,20176.0,18318.0
2021-11-17 02:30:00,6.6,1.14609,17148.0,15307.0
2021-11-17 02:45:00,6.5,1.128725,17195.0,14883.0
2021-11-17 03:00:00,6.4,1.11136,12455.0,10611.0
2021-11-17 03:15:00,6.3,0.985509,12959.0,12348.0
2021-11-17 03:30:00,6.1,0.743407,16082.0,16473.0
2021-11-17 03:45:00,6.0,0.52296,16112.0,14549.0
2021-11-17 04:00:00,5.9,0.20591,15268.0,12817.0
2021-11-17 04:15:00,5.8,0.0,15194.0,14447.0
2021-11-17 04:30:00,5.8,-0.10121,17045.0,14935.0
2021-11-17 04:45:00,5.7,-0.397632,19991.0,18989.0
2021-11-17 05:00:00,5.7,-0.595821,25691.0,22327.0
2021-11-17 05:15:00,5.8,-0.807186,19726.0,17305.0
2021-11-17 05:30:00,5.8,-1.00717,17953.0,15628.0
2021-11-17 05:45:00,5.7,-1.185087,18798.0,17660.0
2021-11-17 06:00:00,5.8,-1.403136,21292.0,18860.0
2021-11-17 06:15:00,5.8,-1.501156,25963.0,24179.0
2021-11-17 06:30:00,5.7,-1.475274,19522.0,17907.0
2021-11-17 06:45:00,5.7,-1.571148,23390.0,22492.0
2021-11-17 07:00:00,5.6,-1.637272,22075.0,20411.0
2021-11-17 07:15:00,5.6,-1.637272,20667.0,19307.0
2021-11-17 07:30:00,5.7,-1.666509,19876.0,18879.0
2021-11-17 07:45:00,5.7,-1.666509,18517.0,16260.0
2021-11-17 08:00:00,5.7,-1.761414,20893.0,19392.0
2021-11-17 08:15:00,5.7,-1.855749,26347.0,24901.0
2021-11-17 08:30:00,5.9,-2.114383,32582.0,30839.0
2021-11-17 08:45:00,6.0,-2.34438,36687.0,36600.0
2021-11-17 09:00:00,6.1,-2.481114,40256.0,38336.0
2021-11-17 09:15:00,6.3,-2.662506,43205.0,39658.0
2021-11-17 09:30:00,6.6,-2.893242,34713.0,32049.0
2021-11-17 09:45:00,6.8,-3.192396,38232.0,35406.0
2021-11-17 10:00:00,7.1,-3.442151,39336.0,39692.0
2021-11-17 10:15:00,7.1,-3.442151,35949.0,36317.0
2021-11-17 10:30:00,7.1,-3.656784,39063.0,37496.0
2021-11-17 10:45:00,7.0,-3.70944,40052.0,38559.0
2021-11-17 11:00:00,6.9,-3.758016,35834.0,36594.0
2021-11-17 11:15:00,6.9,-3.858411,44998.0,44493.0
2021-11-17 11:30:00,6.7,-3.649088,43761.0,50464.0
2021-11-17 11:45:00,6.6,-3.690654,52577.0,50045.0
2021-11-17 12:00:00,6.5,-3.634735,43457.0,37123.0
2021-11-17 12:15:00,6.5,-3.634735,32338.0,29568.0
2021-11-17 12:30:00,6.4,-3.578816,30034.0,29633.0
2021-11-17 12:45:00,6.4,-3.670912,25986.0,24277.0
2021-11-17 13:00:00,6.3,-3.703077,26548.0,23333.0
2021-11-17 13:15:00,6.2,-3.731284,24140.0,22988.0
2021-11-17 13:30:00,6.1,-3.671102,24586.0,23311.0
2021-11-17 13:45:00,6.0,-3.69396,27546.0,26317.0
2021-11-17 14:00:00,5.9,-3.712988,26040.0,23418.0
2021-11-17 14:15:00,5.7,-3.663903,27670.0,25393.0
2021-11-17 14:30:00,5.6,-3.673936,25476.0,23293.0
2021-11-17 14:45:00,5.5,-3.680215,26492.0,26171.0
2021-11-17 15:00:00,5.4,-3.6828,23099.0,23465.0
2021-11-17 15:15:00,5.3,-3.812502,22584.0,21480.0
2021-11-17 15:30:00,5.2,-3.924492,18030.0,16917.0
2021-11-17 15:45:00,5.1,-3.963465,15875.0,14360.0
2021-11-17 16:00:00,5.0,-4.09575,15143.0,14423.0
2021-11-17 16:15:00,5.1,-4.325055,17121.0,15261.0
2021-11-17 16:30:00,5.2,-4.503356,16088.0,13402.0
2021-11-17 16:45:00,5.3,-4.722353,14467.0,13021.0
2021-11-17 17:00:00,5.4,-4.894074,14960.0,13462.0
2021-11-17 17:15:00,5.6,-5.1548,15591.0,13823.0
2021-11-17 17:30:00,5.7,-5.284926,16340.0,17038.0
2021-11-17 17:45:00,6.0,-5.60148,24198.0,23499.0
2021-11-17 18:00:00,6.1,-5.767672,27645.0,25337.0
2021-11-17 18:15:00,6.3,-5.991678,27086.0,24876.0
2021-11-17 18:30:00,6.4,-6.086784,29747.0,27925.0
2021-11-17 18:45:00,6.5,-6.18189,35590.0,34134.0
2021-11-17 19:00:00,6.6,-6.276996,34350.0,32324.0
2021-11-17 19:15:00,6.8,-6.467208,36106.0,33033.0
2021-11-17 19:30:00,7.1,-6.713192,32429.0,30910.0
2021-11-17 19:45:00,7.4,-6.953706,34155.0,32795.0
2021-11-17 20:00:00,7.7,-7.188566,40682.0,41057.0
2021-11-17 20:15:00,8.0,-7.41744,43744.0,42189.0
2021-11-17 20:30:00,8.4,-7.7322,45129.0,43384.0
2021-11-17 20:45:00,8.7,-7.884897,45291.0,44558.0
2021-11-17 21:00:00,9.1,-8.178989,33074.0,32992.0
2021-11-17 21:15:00,9.4,-8.375494,36143.0,35059.0
2021-11-17 21:30:00,9.6,-8.47632,43337.0,41920.0
2021-11-17 21:45:00,9.8,-8.571276,45346.0,41461.0
2021-11-17 22:00:00,10.0,-8.7462,46342.0,47600.0
2021-11-17 22:15:00,10.1,-8.746903,55038.0,55766.0
2021-11-17 22:30:00,10.2,-8.743134,59543.0,56153.0
2021-11-17 22:45:00,10.3,-8.828851,57935.0,57442.0
2021-11-17 23:00:00,10.4,-8.914568,60462.0,61169.0
2021-11-17 23:15:00,10.5,-8.904525,68589.0,77394.0
2021-11-17 23:30:00,10.6,-8.889902,83634.0,78235.0
2021-11-17 23:45:00,10.7,-8.973769,80400.0,78913.0
2021-11-18 00:00:00,11.0,-9.22537,78618.0,78969.0
2021-11-18 00:15:00,11.0,-9.22537,78685.0,78635.0
2021-11-18 00:30:00,11.0,-9.22537,84912.0,82636.0
2021-11-18 00:45:00,11.1,-9.309237,79272.0,79186.0
2021-11-18 01:00:00,11.1,-9.309237,75420.0,72587.0
2021-11-18 01:15:00,11.0,-9.32855,79109.0,80593.0
2021-11-18 01:30:00,10.9,-9.243745,92298.0,89802.0
2021-11-18 01:45:00,10.8,-9.15894,82656.0,77621.0
2021-11-18 02:00:00,10.7,-9.074135,76860.0,77045.0
2021-11-18 02:15:00,10.6,-9.086002,89930.0,89391.0
2021-11-18 02:30:00,10.5,-9.093315,89376.0,87757.0
2021-11-18 02:45:00,10.4,-9.006712,87955.0,86460.0
2021-11-18 03:00:00,10.3,-8.920109,85396.0,80067.0
2021-11-18 03:15:00,10.2,-8.921124,88818.0,87488.0
2021-11-18 03:30:00,10.2,-9.00609,83851.0,81844.0
2021-11-18 03:45:00,10.1,-8.999201,82168.0,77031.0
2021-11-18 04:00:00,10.0,-8.9879,73712.0,70489.0
2021-11-18 04:15:00,9.9,-8.972469,71708.0,68314.0
2021-11-18 04:30:00,9.9,-9.044145,71150.0,68783.0
2021-11-18 04:45:00,9.8,-8.95279,74397.0,69686.0
2021-11-18 05:00:00,9.8,-9.0209,78172.0,75180.0
2021-11-18 05:15:00,9.7,-8.993646,78182.0,78153.0
2021-11-18 05:30:00,9.6,-8.962368,85376.0,84053.0
2021-11-18 05:45:00,9.6,-9.021024,90821.0,89146.0
2021-11-18 06:00:00,9.5,-9.03507,89888.0,86864.0
2021-11-18 06:15:00,9.4,-8.98922,88813.0,84443.0
2021-11-18 06:30:00,9.3,-8.939718,84668.0,84103.0
2021-11-18 06:45:00,9.2,-8.92676,86091.0,82653.0
2021-11-18 07:00:00,9.1,-8.866767,85040.0,83028.0
2021-11-18 07:15:00,9.1,-8.901165,82114.0,79792.0
2021-11-18 07:30:00,9.0,-8.80335,85714.0,82424.0
2021-11-18 07:45:00,8.8,-8.666328,81591.0,75422.0
2021-11-18 08:00:00,8.7,-8.567847,73754.0,69378.0
2021-11-18 08:15:00,8.7,-8.592903,66736.0,63365.0
2021-11-18 08:30:00,8.6,-8.494134,58462.0,58417.0
2021-11-18 08:45:00,8.6,-8.516322,63492.0,59326.0
2021-11-18 09:00:00,8.5,-8.436675,49926.0,47160.0
2021-11-18 09:15:00,8.5,-8.417295,48042.0,45648.0
2021-11-18 09:30:00,8.5,-8.395365,49803.0,47625.0
2021-11-18 09:45:00,8.6,-8.442018,50688.0,51617.0
2021-11-18 10:00:00,8.6,-8.379582,57366.0,54343.0
2021-11-18 10:15:00,8.4,-8.15052,43394.0,36064.0
2021-11-18 10:30:00,8.0,-7.7624,15453.0,12303.0
2021-11-18 10:45:00,7.7,-7.502649,12778.0,11182.0
2021-11-18 11:00:00,7.3,-7.112901,16772.0,16136.0
2021-11-18 11:15:00,6.9,-6.69507,19667.0,19642.0
2021-11-18 11:30:00,6.6,-6.375138,17430.0,15298.0
2021-11-18 11:45:00,6.4,-6.152064,14491.0,8795.134758
2021-11-18 12:00:00,6.1,-5.83343,16925.0,12856.0
2021-11-18 12:15:00,5.7,-5.389464,12995.0,9650.0
2021-11-18 12:30:00,5.4,-5.006772,12177.0,11480.0
2021-11-18 12:45:00,5.1,-4.659105,9198.0,6245.0
2021-11-18 13:00:00,4.8,-4.276848,4641.0,2988.0
2021-11-18 13:15:00,4.6,-3.983738,4970.0,3691.0
2021-11-18 13:30:00,4.5,-3.816225,6222.0,4379.0
2021-11-18 13:45:00,4.2,-3.481968,3473.0,3134.0
2021-11-18 14:00:00,4.1,-3.274424,4071.0,3571.0
2021-11-18 14:15:00,4.0,-3.1086,4880.0,6164.0
2021-11-18 14:30:00,3.8,-2.823932,9509.0,7528.0
2021-11-18 14:45:00,3.7,-2.616307,13597.0,11623.0
2021-11-18 15:00:00,3.5,-2.29621,10346.0,9395.0
2021-11-18 15:15:00,3.3,-2.076756,7100.0,5618.0
2021-11-18 15:30:00,3.2,-1.880928,6936.0,6092.0
2021-11-18 15:45:00,3.0,-1.63392,9476.0,7403.0
2021-11-18 16:00:00,2.9,-1.405949,6592.0,4997.0
2021-11-18 16:15:00,2.8,-1.227436,5286.0,3819.0
2021-11-18 16:30:00,2.7,-1.098198,4130.0,2920.0
2021-11-18 16:45:00,2.6,-0.931762,6257.0,5673.0
2021-11-18 17:00:00,2.5,-0.77255,4227.0,2566.0
2021-11-18 17:15:00,2.4,-0.621168,3347.0,1726.0
2021-11-18 17:30:00,2.2,-0.38203,3775.0,3012.0
2021-11-18 17:45:00,2.0,-0.10468,9659.0,8359.0
2021-11-18 18:00:00,1.9,0.0,5282.0,3961.0
2021-11-18 18:15:00,1.8,0.094212,4768.0,4146.0
2021-11-18 18:30:00,1.7,0.207179,4585.0,3421.0
2021-11-18 18:45:00,1.6,0.194992,3837.0,2851.0
2021-11-18 19:00:00,1.5,0.286215,3049.0,1745.0
2021-11-18 19:15:00,1.4,0.291074,1039.0,190.0
2021-11-18 19:30:00,1.3,0.292435,168.0,223.0
2021-11-18 19:45:00,1.4,0.409318,264.0,148.0
2021-11-18 20:00:00,1.3,0.401726,75.0,314.0
2021-11-18 20:15:00,1.3,0.401726,30915.54124,264.0
2021-11-18 20:30:00,1.1,0.284702,-2.0,272.0
2021-11-18 20:45:00,1.1,0.191015,-3.0,277.0
2021-11-18 21:00:00,1.0,0.10453,-1.0,258.0
2021-11-18 21:15:00,1.0,0.0,-5.0,273.0
2021-11-18 21:30:00,1.1,-0.191015,-3.0,286.0
2021-11-18 21:45:00,1.3,-0.507949,-2.0,278.0
2021-11-18 22:00:00,1.5,-0.704205,-1.0,271.0
2021-11-18 22:15:00,1.7,-0.925888,-3.0,276.0
2021-11-18 22:30:00,1.8,-1.006542,-1.0,300.0
2021-11-18 22:45:00,2.1,-1.204518,-5.0,307.0
2021-11-18 23:00:00,2.2,-1.293138,-4.0,318.0
2021-11-18 23:15:00,2.4,-1.376592,-3.0,226.0
2021-11-18 23:30:00,2.6,-1.528254,527.0,129.0
2021-11-18 23:45:00,2.7,-1.509813,52.0,347.0
2021-11-19 00:00:00,2.5,-2.120125,30915.54124,285.0
2021-11-19 00:15:00,2.7,-2.264409,-1.0,317.0
2021-11-19 00:30:00,2.9,-2.404216,-3.0,282.0
2021-11-19 00:45:00,3.0,-2.48712,1.0,89.0
2021-11-19 01:00:00,3.2,-2.62128,227.0,87.0
2021-11-19 01:15:00,3.2,-2.588864,244.0,117.0
2021-11-19 01:30:00,3.3,-2.600433,53.0,272.0
2021-11-19 01:45:00,3.3,-2.527932,137.0,160.0
2021-11-19 02:00:00,3.3,-2.490543,186.0,62.0
2021-11-19 02:15:00,3.3,-2.490543,2540.0,2333.0
2021-11-19 02:30:00,3.3,-2.413455,5823.0,4974.0
2021-11-19 02:45:00,3.2,-2.301888,7705.0,8009.0
2021-11-19 03:00:00,3.1,-2.192041,11728.0,12081.0
2021-11-19 03:15:00,3.0,-1.96818,21726.0,21398.0
2021-11-19 03:30:00,3.2,-1.835456,20242.0,16317.0
2021-11-19 03:45:00,3.3,-1.599873,18855.0,17677.0
2021-11-19 04:00:00,3.5,-1.42359,20883.0,19630.0
2021-11-19 04:15:00,3.7,-1.081769,27244.0,25221.0
2021-11-19 04:30:00,3.9,-0.677235,26612.0,24253.0
2021-11-19 04:45:00,4.1,-0.428573,28088.0,26439.0
2021-11-19 05:00:00,4.4,0.0,33841.0,31736.0
2021-11-19 05:15:00,4.5,0.39222,28121.0,26659.0
2021-11-19 05:30:00,4.6,0.877726,26978.0,24711.0
2021-11-19 05:45:00,4.8,1.483296,27990.0,30188.0
2021-11-19 06:00:00,5.0,1.95365,32979.0,53741.86561
2021-11-19 06:15:00,5.5,2.411035,37558.0,36339.0
2021-11-19 06:30:00,6.2,2.717894,19452.0,16158.0
2021-11-19 06:45:00,6.8,2.873816,22420.0,23881.0
2021-11-19 07:00:00,7.6,3.211912,19093.0,15080.0
2021-11-19 07:15:00,7.7,3.131898,22928.0,20631.0
2021-11-19 07:30:00,7.5,2.809575,19822.0,15943.0
2021-11-19 07:45:00,7.2,2.462544,25373.0,24875.0
2021-11-19 08:00:00,7.1,2.194042,33948.0,31208.0
2021-11-19 08:15:00,7.1,1.957044,32784.0,31144.0
2021-11-19 08:30:00,7.3,1.766016,17106.0,15064.0
2021-11-19 08:45:00,7.7,1.732115,16000.0,14506.0
2021-11-19 09:00:00,8.0,1.66328,11274.0,9709.0
2021-11-19 09:15:00,7.8,1.35447,3451.0,2131.0
2021-11-19 09:30:00,7.3,1.141939,17448.0,23773.96178
2021-11-19 09:45:00,6.8,0.946356,30324.0,28198.0
2021-11-19 10:00:00,6.2,0.648086,35234.0,32887.0
2021-11-19 10:15:00,6.1,0.848937,34574.0,32836.0
2021-11-19 10:30:00,6.2,1.183022,33732.0,24177.0
2021-11-19 10:45:00,6.5,1.68233,23085.0,21350.0
2021-11-19 11:00:00,6.7,2.070434,32969.0,30239.0
2021-11-19 11:15:00,6.7,2.401079,34674.0,32164.0
2021-11-19 11:30:00,6.5,2.539745,36849.0,33737.0
2021-11-19 11:45:00,6.2,2.717894,35024.0,31873.0
2021-11-19 12:00:00,6.0,2.81682,31374.0,23594.0
2021-11-19 12:15:00,5.8,2.987232,27724.0,20958.0
2021-11-19 12:30:00,5.7,3.104448,24074.0,22669.0
2021-11-19 12:45:00,5.7,3.269406,20424.0,19068.0
2021-11-19 13:00:00,5.6,3.370192,13231.0,12287.0
2021-11-19 13:15:00,5.5,3.46126,8404.0,6517.0
2021-11-19 13:30:00,5.4,3.398328,11849.0,8872.0
2021-11-19 13:45:00,5.2,3.342508,12014.0,10570.0
2021-11-19 14:00:00,5.1,3.278229,10378.0,8521.0
2021-11-19 14:15:00,5.0,3.34565,9141.0,7436.0
2021-11-19 14:30:00,4.9,3.3418,9021.0,7368.0
2021-11-19 14:45:00,4.9,3.403834,9695.0,7920.0
2021-11-19 15:00:00,4.8,3.394128,12785.0,10896.0
2021-11-19 15:15:00,4.7,3.437345,10176.0,7709.0
2021-11-19 15:30:00,4.5,3.396195,9256.0,8194.0
2021-11-19 15:45:00,4.5,3.44718,8388.0,6383.0
2021-11-19 16:00:00,4.4,3.467244,8962.0,6305.0
2021-11-19 16:15:00,4.2,3.397884,8069.0,6420.0
2021-11-19 16:30:00,3.9,3.155178,12831.0,9845.0
2021-11-19 16:45:00,3.6,2.912472,13752.0,11803.0
2021-11-19 17:00:00,3.3,2.703195,10224.0,7601.0
2021-11-19 17:15:00,3.3,2.767611,11507.0,9152.0
2021-11-19 17:30:00,3.5,3.06117,13849.0,11184.0
2021-11-19 17:45:00,3.8,3.443978,14567.0,12565.0
2021-11-19 18:00:00,4.0,3.70872,14639.0,12678.0
2021-11-19 18:15:00,4.0,3.73432,16585.0,14809.0
2021-11-19 18:30:00,3.8,3.4979,15387.0,13535.0
2021-11-19 18:45:00,3.7,3.380135,11154.0,9077.0
2021-11-19 19:00:00,3.6,3.207636,5439.0,4342.0
2021-11-19 19:15:00,3.5,3.118535,3489.0,2067.0
2021-11-19 19:30:00,3.5,3.06117,1020.0,252.0
2021-11-19 19:45:00,3.5,3.000095,2653.0,1743.0
2021-11-19 20:00:00,3.6,3.05298,7429.0,5638.0
2021-11-19 20:15:00,3.5,2.867025,11433.0,10538.0
2021-11-19 20:30:00,3.5,2.720025,14046.0,12747.0
2021-11-19 20:45:00,3.4,2.48659,15330.0,13815.0
2021-11-19 21:00:00,3.4,2.3188,9747.0,8355.0
2021-11-19 21:15:00,3.3,2.076756,9447.0,8139.0
2021-11-19 21:30:00,3.4,2.046188,12365.0,10545.0
2021-11-19 21:45:00,3.2,1.789408,9293.0,8181.0
2021-11-19 22:00:00,3.3,1.699632,9856.0,8413.0
2021-11-19 22:15:00,3.1,1.596624,10247.0,8685.0
2021-11-19 22:30:00,2.9,1.493616,9109.0,7947.0
2021-11-19 22:45:00,2.7,1.509813,8182.0,6905.0
2021-11-19 23:00:00,2.4,1.376592,7227.0,5692.0
2021-11-19 23:15:00,2.3,1.416018,8619.0,7075.0
2021-11-19 23:30:00,2.1,1.263822,6284.0,5237.0
2021-11-19 23:45:00,1.9,1.195708,5235.0,3868.0
2021-11-20 00:00:00,0.8,0.79404,5423.0,3619.0
2021-11-20 00:15:00,0.7,0.7,4180.0,2823.0
2021-11-20 00:30:00,0.6,0.592614,679.0,231.0
2021-11-20 00:45:00,0.5,0.46359,28.0,424.0
2021-11-20 01:00:00,0.5,0.39932,104.0,286.0
2021-11-20 01:15:00,0.6,0.424266,111.0,273.0
2021-11-20 01:30:00,0.9,0.529011,681.0,50.0
2021-11-20 01:45:00,1.1,0.615109,2287.0,1826.0
2021-11-20 02:00:00,1.4,0.7,2283.0,1658.0
2021-11-20 02:15:00,1.5,0.704205,1082.0,542.0
2021-11-20 02:30:00,1.5,0.79488,33.0,373.0
2021-11-20 02:45:00,1.6,0.8,16.0,450.0
2021-11-20 03:00:00,1.7,0.925888,968.0,559.0
2021-11-20 03:15:00,1.7,0.925888,882.0,321.0
2021-11-20 03:30:00,1.6,0.917728,532.0,11.0
2021-11-20 03:45:00,1.6,0.917728,472.0,15.0
2021-11-20 04:00:00,1.5,0.90273,-4.0,379.0
2021-11-20 04:15:00,1.5,0.90273,30915.54124,368.0
2021-11-20 04:30:00,1.5,1.003695,-2.0,346.0
2021-11-20 04:45:00,1.4,0.989954,-2.0,399.0
2021-11-20 05:00:00,1.4,1.08801,-3.0,348.0
2021-11-20 05:15:00,1.4,1.160656,-4.0,355.0
2021-11-20 05:30:00,1.5,1.324425,-5.0,426.0
2021-11-20 05:45:00,1.5,1.409535,20.0,354.0
2021-11-20 06:00:00,1.6,1.545488,-2.0,383.0
2021-11-20 06:15:00,1.6,1.58808,-6.0,384.0
2021-11-20 06:30:00,1.9,1.897397,-4.0,346.0
2021-11-20 06:45:00,2.2,2.2,-2.0,361.0
2021-11-20 07:00:00,2.5,2.498475,-1.0,348.0
2021-11-20 07:15:00,2.6,2.58063,-5.0,353.0
2021-11-20 07:30:00,2.6,2.567994,-5.0,356.0
2021-11-20 07:45:00,2.6,2.533362,-6.0,368.0
2021-11-20 08:00:00,2.6,2.499276,-2.0,391.0
2021-11-20 08:15:00,2.9,2.725101,-4.0,352.0
2021-11-20 08:30:00,3.3,3.03765,-5.0,318.0
2021-11-20 08:45:00,3.7,3.325523,-3.0,327.0
2021-11-20 09:00:00,4.1,3.620095,-3.0,380.0
2021-11-20 09:15:00,4.5,3.973275,1324.0,610.0
2021-11-20 09:30:00,4.9,4.326455,8811.0,7894.0
2021-11-20 09:45:00,5.2,4.548024,8796.0,7844.0
2021-11-20 10:00:00,5.6,4.897872,15809.0,14694.0
2021-11-20 10:15:00,6.0,5.14302,25250.0,23075.0
2021-11-20 10:30:00,6.2,5.07873,29963.0,27684.0
2021-11-20 10:45:00,6.5,5.051475,41451.0,38976.0
2021-11-20 11:00:00,6.8,4.97318,31527.0,30338.0
2021-11-20 11:15:00,7.1,5.192585,33380.0,32287.0
2021-11-20 11:30:00,7.6,5.55826,27941.0,26620.0
2021-11-20 11:45:00,8.2,6.093748,36985.0,36833.0
2021-11-20 12:00:00,8.7,6.465318,32046.0,29841.0
2021-11-20 12:15:00,9.1,6.867861,27254.0,24747.0
2021-11-20 12:30:00,9.6,7.245216,25236.0,22887.0
2021-11-20 12:45:00,9.9,7.471629,26474.0,23490.0
2021-11-20 13:00:00,10.3,7.773513,31492.0,29074.0
2021-11-20 13:15:00,10.6,7.877284,29304.0,26850.0
2021-11-20 13:30:00,10.5,7.679175,24760.0,69391.82902
2021-11-20 13:45:00,10.7,7.566077,24383.0,75166.36057
2021-11-20 14:00:00,10.7,7.432862,24394.0,78999.2069
2021-11-20 14:15:00,10.7,7.432862,24542.0,75166.36057
2021-11-20 14:30:00,10.7,7.566077,24730.0,74687.47937
2021-11-20 14:45:00,10.6,7.625004,25041.0,74565.81968
2021-11-20 15:00:00,10.6,7.75231,24712.0,78999.2069
2021-11-20 15:15:00,10.6,7.75231,29134.0,80598.44041
2021-11-20 15:30:00,10.6,7.75231,29113.0,80456.40404
2021-11-20 15:45:00,10.6,7.877284,35437.0,84173.67917
2021-11-20 16:00:00,10.6,7.877284,31341.0,80598.44041
2021-11-20 16:15:00,10.5,7.80297,47748.0,80985.89655
2021-11-20 16:30:00,10.5,7.679175,92333.0,90182.0
2021-11-20 16:45:00,10.4,7.60604,93996.0,91804.0
2021-11-20 17:00:00,10.3,7.532905,94482.0,93311.0
2021-11-20 17:15:00,10.3,7.409202,90453.0,89400.0
2021-11-20 17:30:00,10.1,7.265334,93180.0,90874.0
2021-11-20 17:45:00,10.0,7.1934,83262.0,81021.0
2021-11-20 18:00:00,9.8,7.049532,80060.0,72771.0
2021-11-20 18:15:00,9.6,6.905664,79089.0,76597.0
2021-11-20 18:30:00,9.5,6.717545,76864.0,76226.0
2021-11-20 18:45:00,9.5,6.59927,78714.0,74695.0
2021-11-20 19:00:00,9.4,6.529804,83913.0,81726.0
2021-11-20 19:15:00,9.4,6.4108,82078.0,77246.0
2021-11-20 19:30:00,9.4,6.289822,76335.0,72142.0
2021-11-20 19:45:00,9.5,6.356735,67452.0,65816.0
2021-11-20 20:00:00,9.5,6.23257,68272.0,63593.0
2021-11-20 20:15:00,9.6,6.170784,73341.0,68280.0
2021-11-20 20:30:00,9.4,6.042226,63167.0,62069.0
2021-11-20 20:45:00,9.3,5.977947,39344.0,37372.0
2021-11-20 21:00:00,9.2,5.913668,36105.0,32962.0
2021-11-20 21:15:00,9.0,5.66388,66552.0,64637.0
2021-11-20 21:30:00,9.1,5.476562,87508.0,84585.0
2021-11-20 21:45:00,9.2,5.407668,90786.0,88714.0
2021-11-20 22:00:00,9.3,5.200467,85260.0,84771.0
2021-11-20 22:15:00,9.5,5.17408,80242.0,80175.0
2021-11-20 22:30:00,9.7,5.140224,77907.0,72563.0
2021-11-20 22:45:00,10.0,5.1504,58543.0,54322.0
2021-11-20 23:00:00,10.3,5.15,90721.0,87326.0
2021-11-20 23:15:00,10.4,5.042024,96991.0,94046.0
2021-11-20 23:30:00,10.3,4.993543,85511.0,83902.0
2021-11-20 23:45:00,10.2,4.945062,81720.0,79662.0
2021-11-21 00:00:00,9.9,4.95,85392.0,83122.0
2021-11-21 00:15:00,9.9,4.95,90406.0,85530.0
2021-11-21 00:30:00,9.8,5.193216,95393.0,92728.0
2021-11-21 00:45:00,9.6,5.368224,93344.0,90423.0
2021-11-21 01:00:00,9.5,5.584005,90938.0,88696.0
2021-11-21 01:15:00,9.3,5.725638,90976.0,88702.0
2021-11-21 01:30:00,9.2,5.789744,89953.0,86006.0
2021-11-21 01:45:00,9.0,5.90454,89820.0,83925.0
2021-11-21 02:00:00,8.8,6.0016,96374.0,92266.0
2021-11-21 02:15:00,8.7,6.043542,96309.0,92252.0
2021-11-21 02:30:00,8.5,5.90461,96606.0,92179.0
2021-11-21 02:45:00,8.3,5.869013,90384.0,80229.0
2021-11-21 03:00:00,8.1,5.727591,86789.0,82157.0
2021-11-21 03:15:00,8.0,5.456,83453.0,78796.0
2021-11-21 03:30:00,8.1,5.314086,79869.0,76327.0
2021-11-21 03:45:00,8.2,5.160424,78142.0,74367.0
2021-11-21 04:00:00,8.4,5.055288,78447.0,77622.0
2021-11-21 04:15:00,8.6,5.054994,75429.0,71870.0
2021-11-21 04:30:00,8.8,5.047504,76385.0,71076.0
2021-11-21 04:45:00,9.0,5.16222,78681.0,76042.0
2021-11-21 05:00:00,9.3,5.334294,82354.0,78446.0
2021-11-21 05:15:00,9.5,5.584005,84132.0,80746.0
2021-11-21 05:30:00,9.7,5.837654,80865.0,77483.0
2021-11-21 05:45:00,9.9,6.095034,77371.0,73322.0
2021-11-21 06:00:00,10.2,6.419064,78087.0,73124.0
2021-11-21 06:15:00,10.4,6.685016,82425.0,86483.61451
2021-11-21 06:30:00,10.6,6.954236,86332.0,82744.0
2021-11-21 06:45:00,10.9,7.293517,83276.0,80834.0
2021-11-21 07:00:00,11.2,7.6384,85349.0,82845.0
2021-11-21 07:15:00,11.3,7.849658,85356.0,81380.0
2021-11-21 07:30:00,11.4,7.919124,83143.0,79018.0
2021-11-21 07:45:00,11.5,7.98859,83034.0,79825.0
2021-11-21 08:00:00,11.6,8.058056,85627.0,80951.0
2021-11-21 08:15:00,11.5,7.98859,83382.0,83192.0
2021-11-21 08:30:00,11.2,7.780192,89489.0,87078.0
2021-11-21 08:45:00,10.9,7.4338,81522.0,76043.0
2021-11-21 09:00:00,10.6,7.092778,74964.0,71567.0
2021-11-21 09:15:00,10.5,6.88863,75740.0,74391.0
2021-11-21 09:30:00,10.6,6.813574,79883.0,76806.0
2021-11-21 09:45:00,10.7,6.877853,76454.0,71847.0
2021-11-21 10:00:00,10.9,6.859588,59928.0,82816.69048
2021-11-21 10:15:00,10.9,6.859588,54056.0,83270.0
2021-11-21 10:30:00,11.1,6.985452,54412.0,50440.0
2021-11-21 10:45:00,11.2,7.048384,54449.0,50876.0
2021-11-21 11:00:00,11.3,7.111316,54313.0,78565.82178
2021-11-21 11:15:00,11.3,7.111316,48702.0,80911.20382
2021-11-21 11:30:00,11.4,7.174248,42166.0,80598.44041
2021-11-21 11:45:00,11.4,7.327806,30564.0,79867.8287
2021-11-21 12:00:00,11.4,7.327806,30459.0,84275.27907
2021-11-21 12:15:00,11.4,7.479084,19101.0,67566.58824
2021-11-21 12:30:00,11.4,7.628082,12832.0,67566.58824
2021-11-21 12:45:00,11.4,7.7748,12819.0,77264.06897
2021-11-21 13:00:00,11.4,7.7748,12788.0,77264.06897
2021-11-21 13:15:00,11.4,7.919124,13077.0,79977.025
2021-11-21 13:30:00,11.4,7.919124,12946.0,79977.025
2021-11-21 13:45:00,11.5,7.98859,13036.0,81238.27848
2021-11-21 14:00:00,11.5,7.98859,12996.0,77602.73649
2021-11-21 14:15:00,11.5,7.98859,12993.0,80445.40476
2021-11-21 14:30:00,11.4,7.7748,18742.0,78565.82178
2021-11-21 14:45:00,11.4,7.7748,18567.0,80445.40476
2021-11-21 15:00:00,11.3,7.561169,30100.0,80598.44041
2021-11-21 15:15:00,11.3,7.561169,38986.0,80445.40476
2021-11-21 15:30:00,11.1,7.282266,58876.0,56314.0
2021-11-21 15:45:00,11.0,7.21666,69165.0,80598.44041
2021-11-21 16:00:00,10.8,6.942132,69059.0,64215.0
2021-11-21 16:15:00,10.6,6.813574,92778.0,89456.0
2021-11-21 16:30:00,10.3,6.620737,92437.0,88460.0
2021-11-21 16:45:00,10.1,6.356132,88754.0,85340.0
2021-11-21 17:00:00,9.8,6.167336,74376.0,75764.0
2021-11-21 17:15:00,9.7,6.104404,56499.0,71495.418
2021-11-21 17:30:00,9.6,6.041472,22698.0,79374.68449
2021-11-21 17:45:00,9.4,5.915608,61488.0,79374.68449
2021-11-21 18:00:00,9.4,6.042226,85616.0,81679.0
2021-11-21 18:15:00,9.3,5.852676,85810.0,81222.0
2021-11-21 18:30:00,9.2,5.789744,88153.0,83385.0
2021-11-21 18:45:00,9.0,5.66388,87680.0,83003.0
2021-11-21 19:00:00,8.9,5.600948,81296.0,79614.0
2021-11-21 19:15:00,8.6,5.412152,81937.0,78833.0
2021-11-21 19:30:00,8.5,5.34922,80974.0,77405.0
2021-11-21 19:45:00,8.2,5.160424,71963.0,67011.0
2021-11-21 20:00:00,8.1,5.097492,67321.0,63230.0
2021-11-21 20:15:00,7.9,4.971628,65840.0,62710.0
2021-11-21 20:30:00,7.7,4.949483,67445.0,62244.0
2021-11-21 20:45:00,7.4,4.854844,63336.0,60073.0
2021-11-21 21:00:00,7.2,4.723632,64611.0,61560.0
2021-11-21 21:15:00,6.9,4.526814,59309.0,56733.0
2021-11-21 21:30:00,6.7,4.483171,55481.0,51193.0
2021-11-21 21:45:00,6.5,4.26439,46105.0,44853.0
2021-11-21 22:00:00,6.3,4.215519,43461.0,40736.0
2021-11-21 22:15:00,6.1,4.001966,40988.0,37552.0
2021-11-21 22:30:00,5.9,3.792461,43120.0,39154.0
2021-11-21 22:45:00,5.7,3.509262,35226.0,31740.0
2021-11-21 23:00:00,5.5,3.31001,20702.0,18102.0
2021-11-21 23:15:00,5.4,3.097332,17486.0,15178.0
2021-11-21 23:30:00,5.3,2.886592,13858.0,12247.0
2021-11-21 23:45:00,5.2,2.6,12605.0,11379.0
2021-11-22 00:00:00,5.1,2.55,10024.0,8451.0
2021-11-22 00:15:00,5.0,2.34735,9297.0,7697.0
2021-11-22 00:30:00,4.8,2.104176,8885.0,7250.0
2021-11-22 00:45:00,4.7,1.986314,7976.0,6622.0
2021-11-22 01:00:00,4.5,1.83033,12586.0,10512.0
2021-11-22 01:15:00,4.3,1.610823,18832.0,16657.0
2021-11-22 01:30:00,4.2,1.505154,23620.0,21203.0
2021-11-22 01:45:00,4.0,1.36808,25752.0,23559.0
2021-11-22 02:00:00,3.9,1.269723,25865.0,23475.0
2021-11-22 02:15:00,3.9,1.140243,28504.0,25276.0
2021-11-22 02:30:00,3.7,0.895104,30293.0,26960.0
2021-11-22 02:45:00,3.6,0.80982,29626.0,26737.0
2021-11-22 03:00:00,3.5,0.607775,33390.0,30203.0
2021-11-22 03:15:00,3.4,0.414358,35740.0,32146.0
2021-11-22 03:30:00,3.3,0.172722,34599.0,31302.0
2021-11-22 03:45:00,3.2,0.0,39151.0,34899.0
2021-11-22 04:00:00,3.1,-0.10819,44542.0,40646.0
2021-11-22 04:15:00,3.1,-0.324043,37859.0,34675.0
2021-11-22 04:30:00,3.2,-0.500576,34821.0,32000.0
2021-11-22 04:45:00,3.4,-0.706894,37386.0,33558.0
2021-11-22 05:00:00,3.5,-0.90587,34283.0,31182.0
2021-11-22 05:15:00,3.7,-1.081769,29313.0,26424.0
2021-11-22 05:30:00,3.8,-1.174276,30699.0,28170.0
2021-11-22 05:45:00,4.0,-1.43348,29940.0,27208.0
2021-11-22 06:00:00,4.1,-1.535901,29490.0,26783.0
2021-11-22 06:15:00,4.2,-1.708308,29055.0,26971.0
2021-11-22 06:30:00,4.2,-1.775004,26798.0,24838.0
2021-11-22 06:45:00,4.3,-1.884991,27545.0,24859.0
2021-11-22 07:00:00,4.4,-1.997556,27539.0,25184.0
2021-11-22 07:15:00,4.5,-2.181645,27191.0,24673.0
2021-11-22 07:30:00,4.5,-2.31768,28232.0,25420.0
2021-11-22 07:45:00,4.6,-2.505344,31590.0,28554.0
2021-11-22 08:00:00,4.7,-2.628193,28500.0,25560.0
2021-11-22 08:15:00,4.7,-2.695826,26381.0,23522.0
2021-11-22 08:30:00,4.7,-2.695826,25755.0,23008.0
2021-11-22 08:45:00,4.8,-2.821392,27190.0,24134.0
2021-11-22 09:00:00,4.8,-2.821392,24931.0,21646.0
2021-11-22 09:15:00,4.7,-2.762613,22995.0,20137.0
2021-11-22 09:30:00,4.6,-2.703834,23490.0,21066.0
2021-11-22 09:45:00,4.4,-2.586276,18277.0,16168.0
2021-11-22 10:00:00,4.3,-2.527497,23246.0,21411.0
2021-11-22 10:15:00,4.0,-2.29432,18867.0,15548.0
2021-11-22 10:30:00,3.7,-2.122246,17775.0,15119.0
2021-11-22 10:45:00,3.4,-1.998486,18420.0,15786.0
2021-11-22 11:00:00,3.1,-1.822149,19833.0,18168.0
2021-11-22 11:15:00,2.9,-1.621651,15208.0,13059.0
2021-11-22 11:30:00,2.8,-1.4,20859.0,18147.0
2021-11-22 11:45:00,2.7,-1.267569,26127.0,23079.0
2021-11-22 12:00:00,2.6,-1.098812,15832.0,22237.36219
2021-11-22 12:15:00,2.6,-1.015898,10035.0,21095.60412
2021-11-22 12:30:00,2.5,-0.895925,16433.0,22237.36219
2021-11-22 12:45:00,2.4,-0.781368,16283.0,24837.26198
2021-11-22 13:00:00,2.3,-0.710746,22289.0,19684.0
2021-11-22 13:15:00,2.3,-0.595286,22121.0,19402.0
2021-11-22 13:30:00,2.2,-0.49489,20638.0,18410.0
2021-11-22 13:45:00,2.0,-0.38162,22191.0,19505.0
2021-11-22 14:00:00,1.9,-0.297217,17886.0,16287.0
2021-11-22 14:15:00,1.9,-0.198607,18036.0,16342.0
2021-11-22 14:30:00,1.8,-0.094212,17759.0,14951.0
2021-11-22 14:45:00,1.7,0.0,14423.0,13364.0
2021-11-22 15:00:00,1.6,0.0,14354.0,12894.0
2021-11-22 15:15:00,1.4,0.0,18283.0,17067.0
2021-11-22 15:30:00,1.3,0.090688,17526.0,15277.0
2021-11-22 15:45:00,1.1,0.191015,16113.0,14280.0
2021-11-22 16:00:00,1.0,0.29237,11981.0,10415.0
2021-11-22 16:15:00,0.9,0.322533,9695.0,7754.0
2021-11-22 16:30:00,0.7,0.391433,9758.0,8123.0
2021-11-22 16:45:00,0.5,0.39932,6853.0,5108.0
2021-11-22 17:00:00,0.5,0.490815,3905.0,2485.0
2021-11-22 17:15:00,0.4,0.4,3191.0,1647.0
2021-11-22 17:30:00,0.3,0.285318,2833.0,1422.0
2021-11-22 17:45:00,0.3,0.212133,2592.0,1154.0
2021-11-22 18:00:00,0.3,0.092706,3313.0,2143.0
2021-11-22 18:15:00,0.3,0.0,3787.0,2774.0
2021-11-22 18:30:00,0.3,-0.212133,4825.0,1461.310496
2021-11-22 18:45:00,0.3,-0.3,4803.0,3916.0
2021-11-22 19:00:00,0.5,-0.5,4020.0,3061.0
2021-11-22 19:15:00,0.7,-0.623707,4945.0,3790.0
2021-11-22 19:30:00,0.9,-0.529011,6747.0,2762.577636
2021-11-22 19:45:00,1.1,-0.412071,10281.0,5522.393557
2021-11-22 20:00:00,1.4,-0.291074,13323.0,7125.615889
2021-11-22 20:15:00,1.8,-0.188154,20932.0,20045.0
2021-11-22 20:30:00,2.2,-0.115148,18043.0,17250.0
2021-11-22 20:45:00,2.5,0.0,25480.0,16758.48239
2021-11-22 21:00:00,2.9,0.0,32639.0,21095.60412
2021-11-22 21:15:00,3.3,0.11517,40102.0,27508.30483
2021-11-22 21:30:00,3.6,0.12564,27663.0,24581.0
2021-11-22 21:45:00,4.0,0.0698,34452.0,22237.36219
2021-11-22 22:00:00,4.3,0.075035,39194.0,27508.30483
2021-11-22 22:15:00,4.6,0.08027,46036.0,33416.22682
2021-11-22 22:30:00,4.9,0.0,49513.0,47013.0
2021-11-22 22:45:00,5.1,0.0,54959.0,51948.0
2021-11-22 23:00:00,5.4,-0.09423,58662.0,56470.0
2021-11-22 23:15:00,5.6,-0.19544,61916.0,59646.0
2021-11-22 23:30:00,5.8,-0.303572,63868.0,61700.0
2021-11-22 23:45:00,5.9,-0.411584,64655.0,62482.0
2021-11-23 00:00:00,6.5,-0.113425,67174.0,65008.0
2021-11-23 00:15:00,6.7,-0.23383,56128.0,54003.0
2021-11-23 00:30:00,6.8,-0.23732,57444.0,54925.0
2021-11-23 00:45:00,7.0,-0.2443,61532.0,58929.0
2021-11-23 01:00:00,7.1,-0.24779,57512.0,56175.0
2021-11-23 01:15:00,7.2,-0.25128,57808.0,54887.0
2021-11-23 01:30:00,7.3,-0.25477,58176.0,54086.0
2021-11-23 01:45:00,7.3,-0.25477,64361.0,62356.0
2021-11-23 02:00:00,7.4,-0.12913,71517.0,68080.0
2021-11-23 02:15:00,7.4,-0.12913,73055.0,70092.0
2021-11-23 02:30:00,7.5,0.0,73407.0,70304.0
2021-11-23 02:45:00,7.5,0.130875,78239.0,76109.0
2021-11-23 03:00:00,7.6,0.26524,79100.0,77494.0
2021-11-23 03:15:00,7.6,0.26524,75821.0,72836.0
2021-11-23 03:30:00,7.6,0.397784,71623.0,68805.0
2021-11-23 03:45:00,7.6,0.530176,64144.0,61670.0
2021-11-23 04:00:00,7.6,0.662416,59800.0,57221.0
2021-11-23 04:15:00,7.6,0.662416,61304.0,58678.0
2021-11-23 04:30:00,7.7,0.804881,51365.0,49494.0
2021-11-23 04:45:00,7.7,0.804881,46873.0,42937.0
2021-11-23 05:00:00,7.9,0.962773,60839.0,58697.0
2021-11-23 05:15:00,7.9,0.962773,58262.0,55307.0
2021-11-23 05:30:00,8.0,0.97496,61591.0,57939.0
2021-11-23 05:45:00,8.0,1.11336,60934.0,56927.0
2021-11-23 06:00:00,8.1,1.267083,61009.0,58723.0
2021-11-23 06:15:00,8.1,1.267083,55949.0,54448.0
2021-11-23 06:30:00,8.2,1.282726,61018.0,58166.0
2021-11-23 06:45:00,8.2,1.282726,64143.0,61820.0
2021-11-23 07:00:00,8.3,1.441295,59727.0,56835.0
2021-11-23 07:15:00,8.3,1.441295,60003.0,57944.0
2021-11-23 07:30:00,8.4,1.45866,58883.0,55799.0
2021-11-23 07:45:00,8.5,1.476025,52736.0,49875.0
2021-11-23 08:00:00,8.6,1.640966,60285.0,57116.0
2021-11-23 08:15:00,8.7,1.660047,71469.0,69668.0
2021-11-23 08:30:00,8.8,1.829608,76811.0,75343.0
2021-11-23 08:45:00,8.9,1.850399,72858.0,71609.0
2021-11-23 09:00:00,9.0,2.02455,64135.0,62664.0
2021-11-23 09:15:00,9.0,2.02455,60158.0,58543.0
2021-11-23 09:30:00,8.9,2.002055,57181.0,53297.0
2021-11-23 09:45:00,8.8,1.97956,56589.0,53726.0
2021-11-23 10:00:00,8.7,1.957065,50636.0,47579.0
2021-11-23 10:15:00,8.5,2.05632,58252.0,55531.0
2021-11-23 10:30:00,8.2,1.983744,68719.0,67713.0
2021-11-23 10:45:00,8.1,1.959552,74204.0,74024.0
2021-11-23 11:00:00,7.8,2.018796,70588.0,67248.0
2021-11-23 11:15:00,7.7,2.122428,71783.0,69532.0
2021-11-23 11:30:00,7.7,2.251249,74293.0,71125.0
2021-11-23 11:45:00,7.7,2.251249,57365.0,68790.42205
2021-11-23 12:00:00,7.7,2.379454,57194.0,74687.47937
2021-11-23 12:15:00,7.7,2.506889,36297.0,74304.27381
2021-11-23 12:30:00,7.6,2.474332,46655.0,78999.2069
2021-11-23 12:45:00,7.5,2.441775,58781.0,80911.20382
2021-11-23 13:00:00,7.4,2.409218,87968.0,86747.0
2021-11-23 13:15:00,7.5,2.441775,93580.0,93365.0
2021-11-23 13:30:00,7.7,2.506889,88021.0,84915.0
2021-11-23 13:45:00,7.9,2.441258,42340.0,74565.81968
2021-11-23 14:00:00,8.1,2.637117,52215.0,78565.82178
2021-11-23 14:15:00,8.3,2.702231,83870.0,83088.0
2021-11-23 14:30:00,8.6,2.799902,85683.0,83850.0
2021-11-23 14:45:00,8.8,2.865016,64741.0,65078.0
2021-11-23 15:00:00,9.0,2.93013,66256.0,63693.0
2021-11-23 15:15:00,9.1,2.962687,64124.0,81300.07955
2021-11-23 15:30:00,9.1,2.962687,79312.0,76806.0
2021-11-23 15:45:00,9.1,2.962687,91256.0,91046.0
2021-11-23 16:00:00,9.1,2.962687,91835.0,92200.0
2021-11-23 16:15:00,9.1,2.962687,77747.0,74590.0
2021-11-23 16:30:00,9.1,3.112382,89396.0,89009.0
2021-11-23 16:45:00,9.3,3.180786,84011.0,83923.0
2021-11-23 17:00:00,9.3,3.332841,72672.0,72175.0
2021-11-23 17:15:00,9.4,3.521334,78612.0,76103.0
2021-11-23 17:30:00,9.4,3.521334,73997.0,72104.0
2021-11-23 17:45:00,9.5,3.711935,80744.0,79096.0
2021-11-23 18:00:00,9.5,3.86403,83199.0,81148.0
2021-11-23 18:15:00,9.5,3.86403,77057.0,75834.0
2021-11-23 18:30:00,9.5,3.711935,68587.0,66920.0
2021-11-23 18:45:00,9.4,3.521334,74413.0,70555.0
2021-11-23 19:00:00,9.3,3.332841,73798.0,72081.0
2021-11-23 19:15:00,9.4,3.214988,80030.0,77409.0
2021-11-23 19:30:00,9.4,3.060358,85742.0,84882.0
2021-11-23 19:45:00,9.5,2.93569,90617.0,90007.0
2021-11-23 20:00:00,9.5,2.777515,93299.0,94566.0
2021-11-23 20:15:00,9.7,2.673708,93479.0,93723.0
2021-11-23 20:30:00,9.7,2.346624,90925.0,90322.0
2021-11-23 20:45:00,9.8,2.037518,85442.0,84305.0
2021-11-23 21:00:00,9.9,1.889019,80214.0,77394.0
2021-11-23 21:15:00,10.0,1.7365,80519.0,79920.0
2021-11-23 21:30:00,10.1,1.753865,74352.0,74123.0
2021-11-23 21:45:00,10.3,1.611229,73568.0,71333.0
2021-11-23 22:00:00,10.4,1.626872,68074.0,66920.0
2021-11-23 22:15:00,10.6,1.84069,69454.0,65208.0
2021-11-23 22:30:00,10.5,2.183055,76899.0,74691.0
2021-11-23 22:45:00,10.5,2.361975,83203.0,84088.0
2021-11-23 23:00:00,10.5,2.71761,81080.0,81478.0
2021-11-23 23:15:00,10.3,2.839092,79611.0,80058.0
2021-11-23 23:30:00,10.2,2.982174,79395.0,78490.0
2021-11-23 23:45:00,10.1,3.121102,79494.0,78895.0
2021-11-24 00:00:00,11.0,1.72073,80110.0,83270.0
2021-11-24 00:15:00,11.0,2.28701,77497.0,77943.0
2021-11-24 00:30:00,10.8,2.612736,78847.0,79025.0
2021-11-24 00:45:00,10.7,3.128359,83555.0,82858.0
2021-11-24 01:00:00,10.6,3.625412,85432.0,83962.0
2021-11-24 01:15:00,10.4,3.895944,80406.0,80021.0
2021-11-24 01:30:00,10.1,3.946373,76371.0,75502.0
2021-11-24 01:45:00,9.8,3.986052,56406.0,55500.0
2021-11-24 02:00:00,9.5,4.01489,59723.0,57988.0
2021-11-24 02:15:00,9.2,4.033004,71415.0,69456.0
2021-11-24 02:30:00,8.9,3.901493,76151.0,74795.0
2021-11-24 02:45:00,8.6,3.769982,73170.0,69218.0
2021-11-24 03:00:00,8.3,3.768117,72029.0,69547.0
2021-11-24 03:15:00,8.1,3.423222,63478.0,62081.0
2021-11-24 03:30:00,7.9,3.086767,67923.0,66871.0
2021-11-24 03:45:00,7.9,2.701958,67514.0,66087.0
2021-11-24 04:00:00,7.8,2.410356,70935.0,67513.0
2021-11-24 04:15:00,7.8,2.149992,77911.0,76267.0
2021-11-24 04:30:00,7.9,1.911168,84170.0,85079.0
2021-11-24 04:45:00,8.1,1.684071,81721.0,80683.0
2021-11-24 05:00:00,8.2,1.42393,86719.0,84634.0
2021-11-24 05:15:00,8.3,1.441295,91838.0,91063.0
2021-11-24 05:30:00,8.5,1.621885,96521.0,96340.0
2021-11-24 05:45:00,8.5,1.767235,93673.0,93496.0
2021-11-24 06:00:00,8.6,1.788026,93509.0,92802.0
2021-11-24 06:15:00,8.6,1.93457,91851.0,90858.0
2021-11-24 06:30:00,8.7,1.957065,95653.0,94970.0
2021-11-24 06:45:00,8.7,1.957065,88356.0,85587.0
2021-11-24 07:00:00,8.9,2.153088,64579.0,75166.36057
2021-11-24 07:15:00,8.9,2.153088,64387.0,61548.0
2021-11-24 07:30:00,9.0,2.17728,77675.0,75995.0
2021-11-24 07:45:00,9.0,2.17728,58884.0,56645.0
2021-11-24 08:00:00,9.1,2.355262,46442.0,45177.0
2021-11-24 08:15:00,9.1,2.355262,47159.0,44380.0
2021-11-24 08:30:00,9.0,2.32938,51838.0,50084.0
2021-11-24 08:45:00,9.1,2.508324,54066.0,50299.0
2021-11-24 09:00:00,9.0,2.63133,63701.0,59778.0
2021-11-24 09:15:00,9.0,2.63133,68627.0,67021.0
2021-11-24 09:30:00,8.9,2.453196,67757.0,67304.0
2021-11-24 09:45:00,8.9,2.453196,62732.0,60640.0
2021-11-24 10:00:00,8.7,2.398068,70527.0,67715.0
2021-11-24 10:15:00,8.6,2.370504,67618.0,64812.0
2021-11-24 10:30:00,8.4,2.315376,72047.0,70422.0
2021-11-24 10:45:00,8.1,2.232684,67048.0,66452.0
2021-11-24 11:00:00,7.9,2.177556,58997.0,58420.0
2021-11-24 11:15:00,7.8,2.280486,59782.0,57508.0
2021-11-24 11:30:00,7.9,2.441258,54539.0,55315.0
2021-11-24 11:45:00,8.1,2.770362,45264.0,44162.0
2021-11-24 12:00:00,8.1,2.902797,50603.0,48966.0
2021-11-24 12:15:00,8.2,3.071802,53355.0,52396.0
2021-11-24 12:30:00,8.2,3.071802,69162.0,66965.0
2021-11-24 12:45:00,8.2,3.203986,59056.0,56777.0
2021-11-24 13:00:00,8.2,3.335268,57780.0,53230.0
2021-11-24 13:15:00,8.2,3.203986,59172.0,56745.0
2021-11-24 13:30:00,8.0,3.12584,48975.0,47298.0
2021-11-24 13:45:00,8.0,2.99688,45731.0,44841.0
2021-11-24 14:00:00,7.9,2.959419,47450.0,45612.0
2021-11-24 14:15:00,7.7,2.759449,43151.0,42278.0
2021-11-24 14:30:00,7.6,2.847036,28779.0,24846.0
2021-11-24 14:45:00,7.5,2.687775,31433.0,29038.0
2021-11-24 15:00:00,7.4,2.651938,20375.0,40395.33422
2021-11-24 15:15:00,7.2,2.697192,49321.0,48241.0
2021-11-24 15:30:00,6.9,2.584809,42395.0,44913.0
2021-11-24 15:45:00,6.7,2.509887,30475.0,28014.0
2021-11-24 16:00:00,6.4,2.397504,23629.0,22669.0
2021-11-24 16:15:00,6.3,2.360043,25090.0,24729.0
2021-11-24 16:30:00,6.1,2.285121,35370.0,33767.0
2021-11-24 16:45:00,6.0,2.15022,42678.0,40759.0
2021-11-24 17:00:00,5.9,2.114383,43227.0,41437.0
2021-11-24 17:15:00,5.9,2.017918,20901.0,19618.0
2021-11-24 17:30:00,5.8,1.888306,15476.0,13943.0
2021-11-24 17:45:00,5.8,1.695746,17255.0,15537.0
2021-11-24 18:00:00,5.7,1.571148,23790.0,22282.0
2021-11-24 18:15:00,5.7,1.475274,25872.0,23510.0
2021-11-24 18:30:00,5.8,1.403136,15857.0,14148.0
2021-11-24 18:45:00,5.8,1.30471,11697.0,9807.0
2021-11-24 19:00:00,5.9,1.226669,15442.0,13273.0
2021-11-24 19:15:00,6.0,1.14486,21498.0,19053.0
2021-11-24 19:30:00,6.1,1.059265,15275.0,13371.0
2021-11-24 19:45:00,6.2,1.07663,14466.0,13071.0
2021-11-24 20:00:00,6.3,1.093995,12635.0,11382.0
2021-11-24 20:15:00,6.4,1.11136,12060.0,10656.0
2021-11-24 20:30:00,6.5,1.016795,14079.0,12208.0
2021-11-24 20:45:00,6.6,1.032438,18519.0,16727.0
2021-11-24 21:00:00,6.7,0.932439,19421.0,17280.0
2021-11-24 21:15:00,6.6,0.804342,25538.0,24090.0
2021-11-24 21:30:00,6.7,0.700351,32107.0,30601.0
2021-11-24 21:45:00,6.7,0.583972,36578.0,34210.0
2021-11-24 22:00:00,6.8,0.474368,39853.0,37196.0
2021-11-24 22:15:00,6.8,0.355912,37961.0,35419.0
2021-11-24 22:30:00,6.7,0.116915,34076.0,32229.0
2021-11-24 22:45:00,6.7,-0.116915,29878.0,28302.0
2021-11-24 23:00:00,6.6,-0.345444,24900.0,22625.0
2021-11-24 23:15:00,6.6,-0.460416,21486.0,19303.0
2021-11-24 23:30:00,6.5,-0.679445,22887.0,20443.0
2021-11-24 23:45:00,6.5,-0.904605,25627.0,23345.0
2021-11-25 00:00:00,6.9,-0.960273,25669.0,23723.0
2021-11-25 00:15:00,6.9,-1.079367,25342.0,23076.0
2021-11-25 00:30:00,6.9,-1.316589,23821.0,21345.0
2021-11-25 00:45:00,6.9,-1.552155,21043.0,19039.0
2021-11-25 01:00:00,6.9,-1.669248,21445.0,19047.0
2021-11-25 01:15:00,6.9,-1.785858,24245.0,21706.0
2021-11-25 01:30:00,6.9,-1.785858,24093.0,21926.0
2021-11-25 01:45:00,6.9,-1.901916,27853.0,25732.0
2021-11-25 02:00:00,6.9,-1.901916,33020.0,30119.0
2021-11-25 02:15:00,6.9,-1.901916,34301.0,32729.0
2021-11-25 02:30:00,6.9,-1.901916,30885.0,29433.0
2021-11-25 02:45:00,6.9,-2.017353,23857.0,21863.0
2021-11-25 03:00:00,6.9,-2.017353,20047.0,17929.0
2021-11-25 03:15:00,6.9,-2.017353,15886.0,14029.0
2021-11-25 03:30:00,6.9,-1.901916,14467.0,12715.0
2021-11-25 03:45:00,6.8,-1.874352,14808.0,12841.0
2021-11-25 04:00:00,6.7,-1.734094,19950.0,17944.0
2021-11-25 04:15:00,6.7,-1.734094,16742.0,14953.0
2021-11-25 04:30:00,6.7,-1.734094,13407.0,12049.0
2021-11-25 04:45:00,6.6,-1.596672,16723.0,14637.0
2021-11-25 05:00:00,6.6,-1.48467,17118.0,15605.0
2021-11-25 05:15:00,6.6,-1.48467,18378.0,16566.0
2021-11-25 05:30:00,6.5,-1.462175,16873.0,15350.0
2021-11-25 05:45:00,6.4,-1.43968,22283.0,20309.0
2021-11-25 06:00:00,5.9,5.209405,18.0,2440.1
2021-11-25 06:15:00,6.0,2.163538,5943.0,5490.0
2021-11-25 06:30:00,6.1,1.984608,1387.0,900.0
2021-11-25 06:45:00,6.3,1.759976,653.0,270.0
2021-11-25 07:00:00,6.4,1.764096,582.0,270.0
2021-11-25 07:15:00,6.6,1.571148,1048.0,765.0
2021-11-25 07:30:00,6.8,1.012275,234.0,7634.0
2021-11-25 07:45:00,6.8,0.287628,-79.0,-360.0
2021-11-25 08:00:00,6.8,-0.498984,-139.0,-360.0
2021-11-25 08:15:00,6.6,-1.31212,-138.0,-360.0
2021-11-25 08:30:00,6.4,-1.70973,-161.0,-90.0
2021-11-25 08:45:00,6.1,-2.0726,728.0,225.0
2021-11-25 09:00:00,5.9,-2.583929,3652.0,2970.0
2021-11-25 09:15:00,5.8,-3.03765,4282.0,4050.0
2021-11-25 09:30:00,5.6,-3.498424,5929.0,4950.0
2021-11-25 09:45:00,5.1,-3.92083,4915.0,5535.0
2021-11-25 10:00:00,4.6,-4.189791,7756.0,8820.0
2021-11-25 10:15:00,4.1,-4.515498,7580.0,7830.0
2021-11-25 10:30:00,3.4,-4.597305,10473.0,10225.64612
2021-11-25 10:45:00,2.9,-4.597305,9473.0,9675.0
2021-11-25 11:00:00,2.5,-4.636464,9199.0,10478.42345
2021-11-25 11:15:00,2.2,-4.68587,7911.0,7965.0
2021-11-25 11:30:00,1.9,-4.945512,6131.0,5760.0
2021-11-25 11:45:00,1.8,-5.421042,7486.0,7155.0
2021-11-25 12:00:00,1.7,-5.788196,11580.0,11790.0
2021-11-25 12:15:00,1.7,-6.0753,11649.0,11025.0
2021-11-25 12:30:00,1.7,-5.969767,10963.0,10845.0
2021-11-25 12:45:00,1.4,-5.802401,9589.0,10478.42345
2021-11-25 13:00:00,1.1,-5.122065,9672.0,9675.0
2021-11-25 13:15:00,0.9,-4.384082,10136.0,9630.0
2021-11-25 13:30:00,1.0,-3.663903,10687.0,10485.0
2021-11-25 13:45:00,1.6,-3.115287,10424.0,9765.0
2021-11-25 14:00:00,2.5,-3.0091,11954.0,11835.0
2021-11-25 14:15:00,2.9,-3.021113,9595.0,9225.0
2021-11-25 14:30:00,3.2,-3.323417,13716.0,13050.0
2021-11-25 14:45:00,3.5,-3.492758,17049.0,17595.0
2021-11-25 15:00:00,3.7,-3.492758,21535.0,21645.0
2021-11-25 15:15:00,3.6,-4.153499,26554.0,25155.0
2021-11-25 15:30:00,3.6,-4.01646,18974.0,18405.0
2021-11-25 15:45:00,3.0,-3.687528,15498.0,14805.0
2021-11-25 16:00:00,2.6,-3.5318,17597.0,17280.0
2021-11-25 16:15:00,2.4,-3.399064,18435.0,17595.0
2021-11-25 16:30:00,2.5,-3.637326,11530.0,10305.0
2021-11-25 16:45:00,2.4,-3.70839,13259.0,11295.0
2021-11-25 17:00:00,2.7,-3.477005,10038.0,9360.0
2021-11-25 17:15:00,2.8,-3.399064,9626.0,8730.0
2021-11-25 17:30:00,3.1,-3.637326,5630.0,4950.0
2021-11-25 17:45:00,3.4,-3.897133,1977.0,1710.0
2021-11-25 18:00:00,3.8,-4.089558,3209.0,2520.0
2021-11-25 18:15:00,5.9,-4.287228,2475.0,2070.0
2021-11-25 18:30:00,6.0,-4.792935,4579.0,4275.0
2021-11-25 18:45:00,6.2,-5.08638,5667.0,5580.0
2021-11-25 19:00:00,6.3,-4.945512,2663.0,2025.0
2021-11-25 19:15:00,6.5,-4.947974,3728.0,3555.0
2021-11-25 19:30:00,6.7,-4.32635,3830.0,3600.0
2021-11-25 19:45:00,6.8,-4.01962,2582.0,1890.0
2021-11-25 20:00:00,6.8,-4.416543,1666.0,1125.0
2021-11-25 20:15:00,6.7,-4.7815,3845.0,3825.0
2021-11-25 20:30:00,6.5,-5.421042,3191.0,3150.0
2021-11-25 20:45:00,6.3,-5.862224,4118.0,4365.0
2021-11-25 21:00:00,6.0,-6.375138,8828.0,8100.0
2021-11-25 21:15:00,5.9,-6.918027,8628.0,9945.0
2021-11-25 21:30:00,5.7,-7.08319,16691.0,16110.0
2021-11-25 21:45:00,5.4,-7.20945,23762.0,22455.0
2021-11-25 22:00:00,4.8,-7.26788,24891.0,25605.0
2021-11-25 22:15:00,4.4,-7.45914,32224.0,28710.0
2021-11-25 22:30:00,3.7,-7.72744,33075.0,32580.0
2021-11-25 22:45:00,3.1,-7.95646,36617.0,34740.0
2021-11-25 23:00:00,2.7,-8.314275,29836.0,29160.0
2021-11-25 23:15:00,2.3,-8.540181,30798.0,31050.0
2021-11-25 23:30:00,2.0,-8.574456,35747.0,34290.0
2021-11-25 23:45:00,1.9,-8.789963,32077.0,31815.0
2021-11-26 00:00:00,1.8,-9.13197,45763.0,45225.0
2021-11-26 00:15:00,1.7,-9.37174,44536.0,43605.0
2021-11-26 00:30:00,1.7,-9.65863,41493.0,41535.0
2021-11-26 00:45:00,1.6,-9.795918,37158.0,36405.0
2021-11-26 01:00:00,1.3,-9.960714,34843.0,34245.0
2021-11-26 01:15:00,0.9,-9.84935,34173.0,32040.0
2021-11-26 01:30:00,0.9,-9.444706,34294.0,35280.0
2021-11-26 01:45:00,1.3,-9.096048,36485.0,36900.0
2021-11-26 02:00:00,2.1,-8.921124,35401.0,36225.0
2021-11-26 02:15:00,2.8,-8.658738,35133.0,34335.0
2021-11-26 02:30:00,3.1,-8.314549,33505.0,31545.0
2021-11-26 02:45:00,3.3,-7.792976,26078.0,26280.0
2021-11-26 03:00:00,3.5,-7.18776,28039.0,27315.0
2021-11-26 03:15:00,3.7,-7.547645,28771.0,27180.0
2021-11-26 03:30:00,3.6,-6.948168,27262.0,26685.0
2021-11-26 03:45:00,3.3,-6.490506,30564.0,27000.0
2021-11-26 04:00:00,2.7,-5.869013,24379.0,24615.0
2021-11-26 04:15:00,2.5,-5.314086,28601.0,27990.0
2021-11-26 04:30:00,2.4,-4.643541,30208.0,30465.0
2021-11-26 04:45:00,2.5,-4.068816,24831.0,21735.0
2021-11-26 05:00:00,2.4,-3.450324,11651.0,10170.0
2021-11-26 05:15:00,2.8,-2.891402,6045.0,4635.0
2021-11-26 05:30:00,3.0,-2.04659,10924.0,11520.0
2021-11-26 05:45:00,3.2,-1.18082,4685.0,4500.0
2021-11-26 06:00:00,3.6,-0.792155,7414.0,10478.42345
